Name,URL,VERSION,TIMESTAMP
BigWigs Bossmods,https://www.curseforge.com/wow/addons/big-wigs/download,https://www.curseforge.com/wow/addons/big-wigs/download/2806624/file,Sat Oct 26 09:50:41 2019
LittleWigs,https://www.curseforge.com/wow/addons/little-wigs/download,https://www.curseforge.com/wow/addons/little-wigs/download/2778987/file,Sat Oct 26 09:50:46 2019
BigWigs_Voice,https://www.curseforge.com/wow/addons/bigwigs_voice/download/,https://www.curseforge.com/wow/addons/bigwigs_voice/download/2737833/file,Sat Oct 26 09:51:11 2019
Bigwigs Voice - Chinese voicepack (VV),https://www.curseforge.com/wow/addons/bigwigs-voice-chinese-voicepack-vv/download/,https://www.curseforge.com/wow/addons/bigwigs-voice-chinese-voicepack-vv/download/2738905/file,Sat Oct 26 09:51:27 2019
Details! Damage Meter,https://www.curseforge.com/wow/addons/details/download/,https://www.curseforge.com/wow/addons/details/download/2813418/file,Sat Oct 26 09:51:36 2019
Quartz,https://www.curseforge.com/wow/addons/quartz/download/,https://www.curseforge.com/wow/addons/quartz/download/2794708/file,Sat Oct 26 09:51:39 2019
Bagnon,https://www.curseforge.com/wow/addons/bagnon/download/,https://www.curseforge.com/wow/addons/bagnon/download/2802448/file,Sat Oct 26 09:51:42 2019
Immersion,https://www.curseforge.com/wow/addons/immersion/download/,https://www.curseforge.com/wow/addons/immersion/download/2797350/file,Sat Oct 26 09:51:47 2019
Mapster,https://www.curseforge.com/wow/addons/mapster/download,https://www.curseforge.com/wow/addons/mapster/download/2794710/file,Sat Oct 26 09:51:51 2019
OmniCC,https://www.curseforge.com/wow/addons/omni-cc/download/,https://www.curseforge.com/wow/addons/omni-cc/download/2793924/file,Sat Oct 26 09:51:55 2019
Postal,https://www.curseforge.com/wow/addons/postal/download,https://www.curseforge.com/wow/addons/postal/download/2587313/file,Sat Oct 26 09:51:57 2019
KuiNameplates,https://www.curseforge.com/wow/addons/kuinameplates/download/,https://www.curseforge.com/wow/addons/kuinameplates/download/2796739/file,Sat Oct 26 09:52:01 2019
Garrison Mission Manager,https://www.curseforge.com/wow/addons/garrison-mission-manager/download,https://www.curseforge.com/wow/addons/garrison-mission-manager/download/2669426/file,Sat Oct 26 09:52:04 2019
World Quests List,https://www.curseforge.com/wow/addons/world-quests-list/download,https://www.curseforge.com/wow/addons/world-quests-list/download/2796458/file,Sat Oct 26 09:52:10 2019
Scrap (Junk Seller),https://www.curseforge.com/wow/addons/scrap/download/,https://www.curseforge.com/wow/addons/scrap/download/2777904/file,Sat Oct 26 09:52:13 2019
TinyInspect,https://www.curseforge.com/wow/addons/itemlevel-anywhere/download/,https://www.curseforge.com/wow/addons/itemlevel-anywhere/download/2775759/file,Sat Oct 26 09:52:16 2019
BonusRollPreview,https://www.curseforge.com/wow/addons/bonusrollpreview/download/,https://www.curseforge.com/wow/addons/bonusrollpreview/download/2670624/file,Sat Oct 26 09:52:18 2019
KeystoneHelper,https://www.curseforge.com/wow/addons/keystonehelper/download/,https://www.curseforge.com/wow/addons/keystonehelper/download/2587171/file,Sat Oct 26 09:52:21 2019
Angry Keystones,https://www.curseforge.com/wow/addons/angry-keystones/download,https://www.curseforge.com/wow/addons/angry-keystones/download/2804733/file,Sat Oct 26 09:52:25 2019
Can I Mog It?,https://www.curseforge.com/wow/addons/can-i-mog-it/download/,https://www.curseforge.com/wow/addons/can-i-mog-it/download/2815360/file,Sat Oct 26 09:52:28 2019
alaChat,https://www.curseforge.com/wow/addons/alachat/download/,https://www.curseforge.com/wow/addons/alachat/download/2763794/file,Sat Oct 26 09:52:32 2019
EnhancedChatFilterMODFix,https://www.curseforge.com/wow/addons/ecfmodfix/download/,https://www.curseforge.com/wow/addons/ecfmodfix/download/2795309/file,Sat Oct 26 09:52:42 2019
AzeriteTooltip,https://www.curseforge.com/wow/addons/azeritetooltip/download/,https://www.curseforge.com/wow/addons/azeritetooltip/download/2803263/file,Sat Oct 26 09:52:46 2019
WeakAuras 2,https://www.curseforge.com/wow/addons/weakauras-2/download,https://www.curseforge.com/wow/addons/weakauras-2/download/2810468/file,Sat Oct 26 09:53:09 2019
Shadowed Unit Frames,https://www.curseforge.com/wow/addons/shadowed-unit-frames/download,https://www.curseforge.com/wow/addons/shadowed-unit-frames/download/2794705/file,Sat Oct 26 09:53:16 2019
Talent Set Manager,https://www.curseforge.com/wow/addons/talent-set-manager/download/,https://www.curseforge.com/wow/addons/talent-set-manager/download/2688116/file,Sat Oct 26 09:53:19 2019
Nameplate Scrolling Combat Text,https://www.curseforge.com/wow/addons/nameplate-scrolling-combat-text/download/,https://www.curseforge.com/wow/addons/nameplate-scrolling-combat-text/download/2781119/file,Sat Oct 26 09:53:23 2019
AllTheIDs,https://www.curseforge.com/wow/addons/alltheids/download,https://www.curseforge.com/wow/addons/alltheids/download/2584848/file,Sat Oct 26 09:53:28 2019
Instance Portals,https://www.curseforge.com/wow/addons/instance-portals/download,https://www.curseforge.com/wow/addons/instance-portals/download/2798647/file,Sat Oct 26 09:53:31 2019
Astral Keys,https://www.curseforge.com/wow/addons/astral-keys/download,https://www.curseforge.com/wow/addons/astral-keys/download/2801005/file,Sat Oct 26 09:53:42 2019
BugGrabber,https://www.curseforge.com/wow/addons/bug-grabber/download,https://www.curseforge.com/wow/addons/bug-grabber/download/2807145/file,Sat Oct 26 09:53:45 2019
BugSack,https://www.curseforge.com/wow/addons/bugsack/download,https://www.curseforge.com/wow/addons/bugsack/download/2730472/file,Sat Oct 26 09:53:48 2019
MythicPlusTimer,https://www.curseforge.com/wow/addons/mythicplustimer/download,https://www.curseforge.com/wow/addons/mythicplustimer/download/2737616/file,Sat Oct 26 09:53:53 2019
LibGroupInSpecT,https://www.curseforge.com/wow/addons/libgroupinspect/download,https://www.curseforge.com/wow/addons/libgroupinspect/download/2555201/file,Sat Oct 26 09:53:56 2019
LibGetFrame,https://www.curseforge.com/wow/addons/libgetframe/download/,https://www.curseforge.com/wow/addons/libgetframe/download/2814249/file,Sat Oct 26 09:53:58 2019
SavedInstances,https://www.curseforge.com/wow/addons/saved_instances/download,https://www.curseforge.com/wow/addons/saved_instances/download/2794199/file,Sat Oct 26 09:54:01 2019
AdvancedInterfaceOptions,https://www.curseforge.com/wow/addons/advancedinterfaceoptions/download,https://www.curseforge.com/wow/addons/advancedinterfaceoptions/download/2794356/file,Sat Oct 26 09:54:06 2019
TinyTooltip,https://www.curseforge.com/wow/addons/tinytooltip/download,https://www.curseforge.com/wow/addons/tinytooltip/download/2757536/file,Sat Oct 26 09:54:09 2019
Auctionator,https://www.curseforge.com/wow/addons/auctionator/download,https://www.curseforge.com/wow/addons/auctionator/download/2737148/file,Sat Oct 26 09:54:13 2019
HandyNotes,https://www.curseforge.com/wow/addons/handynotes/download,https://www.curseforge.com/wow/addons/handynotes/download/2804141/file,Sat Oct 26 09:54:21 2019
HandyNotes - Nazjatar by TomCat's Tours,https://www.curseforge.com/wow/addons/tomcats-tours-nazjatar/download,https://www.curseforge.com/wow/addons/tomcats-tours-nazjatar/download/2775134/file,Sat Oct 26 09:54:24 2019
HandyNotes - Mechagon by TomCat's Tours,https://www.curseforge.com/wow/addons/tomcats-tours-mechagon/download,https://www.curseforge.com/wow/addons/tomcats-tours-mechagon/download/2775133/file,Sat Oct 26 09:54:27 2019
TomCat's Tours,https://www.curseforge.com/wow/addons/tomcats/download,https://www.curseforge.com/wow/addons/tomcats/download/2765148/file,Sat Oct 26 09:54:31 2019
SharedMedia,https://www.curseforge.com/wow/addons/sharedmedia/download,https://www.curseforge.com/wow/addons/sharedmedia/download/2584626/file,Sat Oct 26 09:55:05 2019
Exorsus Raid Tools,https://www.curseforge.com/wow/addons/exorsus-raid-tools/download/,https://www.curseforge.com/wow/addons/exorsus-raid-tools/download/2816510/file,Sat Oct 26 09:55:14 2019
Dominos,https://www.curseforge.com/wow/addons/dominos/download,https://www.curseforge.com/wow/addons/dominos/download/2793921/file,Sat Oct 26 09:55:18 2019
Premade Groups Filter,https://www.curseforge.com/wow/addons/premade-groups-filter/download,https://www.curseforge.com/wow/addons/premade-groups-filter/download/2788350/file,Sat Oct 26 09:55:22 2019
GatherMate2,https://www.curseforge.com/wow/addons/gathermate2/download,https://www.curseforge.com/wow/addons/gathermate2/download/2799570/file,Sat Oct 26 09:55:25 2019
Jelly Deposit Locations,https://www.curseforge.com/wow/addons/jelly-deposit-locations/download,https://www.curseforge.com/wow/addons/jelly-deposit-locations/download/2796062/file,Sat Oct 26 09:55:29 2019
Method Dungeon Tools,https://www.curseforge.com/wow/addons/method-dungeon-tools/download,https://www.curseforge.com/wow/addons/method-dungeon-tools/download/2807447/file,Sat Oct 26 09:55:34 2019
Elephant,https://www.curseforge.com/wow/addons/elephant/download,https://www.curseforge.com/wow/addons/elephant/download/2796421/file,Sat Oct 26 09:55:39 2019
Twintop's Insanity Bar,https://www.curseforge.com/wow/addons/twintops-insanity-bar/download,https://www.curseforge.com/wow/addons/twintops-insanity-bar/download/2729760/file,Sat Oct 26 09:55:46 2019
